Day,Date,Layer,Name,Tags,Latitude,Longitude,SearchQuery,Notes
D1,Mon 5 Oct,1 · Bases & hotels,Milan Malpensa T1 — arrive & depart,#airport #start #end #d1,45.6306,8.7281,Milano Malpensa Terminal 1,Land 19:00 D1. Depart ~23:00 D15. Eat landside here on arrival night. Be at the rental return lot by 20:00 on D15 — confirm the return terminal matches your flight terminal.
D1,Mon 5 Oct,1 · Bases & hotels,HSM Hotel San Martino — Garbagnate Monastero,#hotel #d1-d4 #freeparking #d1,45.772,9.301,HSM Hotel San Martino Garbagnate Monastero,"Nights 5-8 Oct. 24h reception, free parking, no restaurant. ~500 m off the SS36 — ask for a room away from the road."
D1,Mon 5 Oct,4 · Food & drink,Birra & Brace — late option near the hotel,#food #latenight #d1 #hedge #d1,45.774,9.304,Birra e Brace Garbagnate Monastero,"D1 hedge. Roadside grill/pizzeria 2 min from the hotel, the kind of place that stays open late. Have reception (+39 031 851700) ring ahead — Monday is the standard closing day in Brianza. Better plan: eat at Malpensa."
D2,Tue 6 Oct,4 · Food & drink,"Dac a Tra' — Michelin star, 10 min from the hotel",#food #michelin #splurge #d2,45.75,9.32,Dac a Tra Castello di Brianza,"The closest starred restaurant to your base. Contemporary, produce-driven. +39 039 5312410."
D2,Tue 6 Oct,2 · Main plan — sights & hikes,Villa del Balbianello — Lenno,#sight #villa #booknow #closedWed #d2,45.9694,9.2103,Villa del Balbianello Lenno,"D2. Gardens ~EUR13-14, + 45-min interior tour ~EUR24-25. CLOSED Mon AND Wed — this is why the west shore goes on Tuesday. Book the interior tour ahead."
D2,Tue 6 Oct,2 · Main plan — sights & hikes,Villa Carlotta — Tremezzo,#sight #villa #rainproof #d2,45.9853,9.2231,Villa Carlotta Tremezzo,"D2. Open daily, 10:00-19:00 to 18 Oct. ~EUR15-17.50. Real art inside (Canova, Hayez) — the one villa that survives a wet day."
D2,Tue 6 Oct,2 · Main plan — sights & hikes,Bellagio — ferry pier & old town,#sight #town #ferry #d2,45.9857,9.2617,Bellagio imbarcadero,"D2 afternoon. Arrive as a foot passenger from Cadenabbia. Villa Melzi gardens EUR10, open to 19:00. Golden hour 17:45-18:55."
D2,Tue 6 Oct,2 · Main plan — sights & hikes,Sunset boat — Bellagio / Varenna,#boat #splurge #romantic #d2,45.986,9.26,Bellagio boat tour,"D2. Private hour ~EUR150-200, or shared from ~EUR40pp. October light on this lake is the best of the year. Book ahead — October fleets are reduced."
D2,Tue 6 Oct,3 · Parking,Lido di Lenno — car park for Balbianello,#parking #paid #EUR1.5-2h #d2,45.9744,9.2168,Lido di Lenno parcheggio,"D2. SET THE SATNAV HERE, not to the villa. The taxi-boat (~EUR6) and the 20-25 min woodland path both start here. Paid blue lines."
D2,Tue 6 Oct,3 · Parking,"Free parking — uphill streets, Lenno / Mezzegra",#parking #free #10-15minwalk #d2,45.972,9.223,Mezzegra Como,D2 free option. White-line residential streets uphill off the SS340. 10-15 min walk down. Read the signs — anything yellow is residents-only.
D2,Tue 6 Oct,3 · Parking,Cadenabbia ferry pier — park & walk on,#parking #ferry #d2,45.995,9.228,Cadenabbia imbarcadero,D2. Leave the car here and walk on as a foot passenger. DON'T put it on the car ferry — you don't need it in Bellagio and it costs several times a foot ticket.
D2,Tue 6 Oct,5 · Rain & cold fallbacks,Como Duomo + Museo della Seta — wet-day swap,#rain #indoor #d2 #d2,45.8103,9.0832,Duomo di Como,"D2 RAIN PLAN. The Duomo is free and one of the great Gothic/Renaissance hybrids in Italy. The silk museum is far better than it sounds — Como was the silk capital of Europe. Also Tempio Voltiano, Basilica di Sant'Abbondio. Skip the Brunate funicular: you'd pay to sit in a cloud."
D3,Wed 7 Oct,4 · Food & drink,Il Cavatappi / Vecchia Varenna,#food #dinner #romantic #booknow #d3,46.01,9.285,Il Cavatappi Varenna,"D3 dinner. Il Cavatappi is tiny, in a stone alley — the romantic one. Vecchia Varenna is on the water in a former black-marble works. Varenna after dark is the prettiest village on the lake."
D3,Wed 7 Oct,2 · Main plan — sights & hikes,Sentiero del Viandante — Varenna start (Olivedo),#hike #3h #530m #slipperywet #d3,46.0119,9.2847,Olivedo Varenna,"D3. ~3h, ~530 m ascent to Bellano. Up Via della Croce from Olivedo, via Vezio and Regolo. POLISHED LIMESTONE — genuinely slippery wet; don't do it in a downpour."
D3,Wed 7 Oct,2 · Main plan — sights & hikes,Orrido di Bellano — gorge walkway,#sight #gorge #EUR8 #betterinrain #d3,46.0424,9.301,Orrido di Bellano,"D3, end of the walk. EUR8 adult. Lit walkway bolted into a gorge. Better with more water in it, but CAN CLOSE on high water — check before driving over."
D3,Wed 7 Oct,2 · Main plan — sights & hikes,Villa Monastero — Varenna,#sight #villa #closedTue #rainproof #d3,46.0075,9.286,Villa Monastero Varenna,"D3. Garden + house museum EUR15, garden only EUR13. Last entry 17:30. CLOSED TUESDAYS — hence Varenna on Wednesday. Furnished period rooms = indoor option."
D3,Wed 7 Oct,6 · Optional & swaps,Lecco Wednesday market — Piazza Garibaldi,#optional #market #wedonly #d3,45.856,9.393,Piazza Garibaldi Lecco,"D3 alternative, 07:30-14:00, 50+ stalls. Runs 4 Mar - 25 Nov 2026. Wednesday 7 October falls perfectly in your stay."
D3,Wed 7 Oct,3 · Parking,Varenna-Esino-Perledo station — THE smart park,#parking #free #thetrick #d3,46.0142,9.2811,Stazione Varenna Esino Perledo,"D3. Free or near-free, 10 min walk down into Varenna — AND it's exactly where your train back from Bellano drops you. No backtracking, no second fee, no uphill walk after a 3-hour hike."
D3,Wed 7 Oct,3 · Parking,Perledo — free roadside parking above Varenna,#parking #free #10-15minwalk #d3,46.0139,9.2903,Perledo Lecco,"D3 free fallback. White lines on the road up to Perledo. 10-15 min down, 20-25 min back up."
D3,Wed 7 Oct,3 · Parking,Olivedo / Varenna pier lots — paid fallback,#parking #paid #EUR2h #d3,46.0125,9.284,Parcheggio Varenna imbarcadero,"D3 paid fallback. ~EUR2/h or EUR12-15/day in high season, usually cheaper and less strictly enforced in October. NEVER drive into Varenna's centre — the lanes are stairs."
D3,Wed 7 Oct,5 · Rain & cold fallbacks,"Accademia Carrara, Bergamo — best wet day on the Como leg",#rain #indoor #swapWedThu #d3,45.705,9.673,Accademia Carrara Bergamo,"D3 RAIN PLAN. Botticelli, Bellini, Raphael, Titian. SWAP WEDNESDAY AND THURSDAY and do Bergamo today — it costs nothing because Thursday's Bergamo stop was optional anyway. Plus arcaded Citta Alta, Santa Maria Maggiore, Cappella Colleoni."
D3,Wed 7 Oct,5 · Rain & cold fallbacks,Lecco museums — Villa Manzoni & Palazzo delle Paure,#rain #indoor #EUR6 #d3,45.8497,9.3878,Villa Manzoni Lecco,"D3 local rain option. EUR6 each. Villa Manzoni is the family home of the man who wrote Italy's national novel about THIS shore. Lecco's Wednesday market (Piazza Garibaldi, 07:30-14:00) is thin in heavy rain."
D4,Thu 8 Oct,2 · Main plan — sights & hikes,Bergamo Citta Alta — Piazza Vecchia,#sight #town #lunch #ztl #d4,45.7038,9.6626,Piazza Vecchia Bergamo,"D4 lunch stop, directly on the A4. Funicular up ~EUR3 return, every 5-10 min. Eat casoncelli alla bergamasca. NEVER drive up — hard ZTL plus Lombardy emissions rules."
D4,Thu 8 Oct,3 · Parking,Piazzale Cappello degli Alpini — Monte Barro,#parking #free #trailhead #d4,45.8327,9.3676,Parco Monte Barro Galbiate,D4. Free weekday parking right at the trailhead. The EUR5 shuttle from the Fornace lot only runs on busy weekends.
D4,Thu 8 Oct,3 · Parking,Eremo di Monte Barro — free parking + view,#parking #free #noeffortview #d4,45.8339,9.3661,Eremo di Monte Barro,"D4. 14th-c. hermitage with a restaurant and terrace, drivable. The panorama with zero walking if you're short on time."
D4,Thu 8 Oct,3 · Parking,Fiera di Bergamo — 300 FREE spaces,#parking #free #parkandride #d4,45.6885,9.6995,Fiera di Bergamo parcheggio,"D4. 300 free spaces, served by bus line 1 into the centre. The cheap answer for Bergamo. CONFIRMED from the operator."
D4,Thu 8 Oct,3 · Parking,"Ex Bonini — free P+R, Via San Bernardino 149",#parking #free #parkandride #d4,45.6893,9.6598,Via San Bernardino 149 Bergamo,"D4. ~150 spaces, bus line 6. Second free option for Bergamo."
D4,Thu 8 Oct,3 · Parking,Bergamo funicular base — Viale Vittorio Emanuele II,#funicular #EUR3return #d4,45.6983,9.665,Funicolare Bergamo Alta stazione bassa,"D4. Where the funicular to Citta Alta starts. ~EUR1.50 single / EUR3 return, every 5-10 min, runs 06:00 to past midnight."
D4,Thu 8 Oct,3 · Parking,Paid garages — Ex Gasometro / Baschenis / Stadio,#parking #paid #24h #d4,45.696,9.672,Parcheggio Ex Gasometro Bergamo,"D4 paid, closer in. Ex Gasometro (312 spaces), Via Baschenis (71), underground Stadio Atalanta at Piazzale Goisis (348, MAX HEIGHT 2.20 m). All open 24/7."
D5,Fri 9 Oct,1 · Bases & hotels,The Oswald Grand Hotel — Selva di Val Gardena,#hotel #d4-d8 #confirm #d5,46.556,11.759,The Oswald Grand Hotel Selva di Val Gardena,"Nights 8-12 Oct. PIN IS APPROXIMATE — confirm the exact address, and ask about the Selva restricted-traffic zone and plate registration."
D5,Fri 9 Oct,4 · Food & drink,Nives — Selva village square,#food #openyearround #safebet #d5,46.5556,11.7597,Ristorante Nives Selva di Val Gardena,"CONFIRMED OPEN YEAR-ROUND, which in this valley in October is not a small thing. South Tyrolean + Mediterranean, homemade pasta. +39 0471 773329."
D5,Fri 9 Oct,2 · Main plan — sights & hikes,Seceda — the ridge,#hike #view #weatherdependent #d5 #d5,46.6081,11.6503,Seceda,"D5. THE most weather-dependent day of the trip — in cloud you pay for fog. Ridge walk 8.9 km, +575 m, 3-3.5h. Move it to any clear day in the block."
D5,Fri 9 Oct,2 · Main plan — sights & hikes,Col Raiser gondola — Santa Cristina (CHEAPER ROUTE),#lift #cheaper #quieter #preferred #d5,46.565,11.72,Col Raiser Santa Cristina Val Gardena,"D5 preferred start. Runs to 1 Nov, materially cheaper than the EUR74 Ortisei cable car, far quieter. From the top walk up via Pieralongia (~+400 m, 1h15-1h30) — this is the bit the closed Fermeda chairlift used to do."
D5,Fri 9 Oct,2 · Main plan — sights & hikes,Ortisei–Furnes–Seceda cable car (CLASSIC ROUTE),#lift #EUR74 #to2Nov #d5,46.5793,11.6743,Ortisei Seceda cable car,"D5 alternative. ~EUR74 return, first up 08:30. Fastest way to the famous view. Park at the station — Ortisei centre is one of the longest pedestrian zones in the Dolomites."
D5,Fri 9 Oct,2 · Main plan — sights & hikes,Rifugio Firenze / Regensburgerhutte,#hut #lunch #closes12Oct #d5,46.5928,11.7043,Rifugio Firenze Regensburger Hutte,D5 lunch. CLOSES 12 OCTOBER — one of your last chances. Service 11:30-15:00. Reachable ~25 min on path 4 from the top of Col Raiser.
D5,Fri 9 Oct,6 · Optional & swaps,Cristauta / Praplan — fully-on-foot Seceda start,#optional #bighike #900m #d5,46.562,11.728,Santa Cristina Val Gardena,"D5 hardcore option. Trail 4 up to the ridge — but with FERMEDA CLOSED it's a +900-1,000 m climb with no shortcut. Real, but a big first day in the mountains."
D5,Fri 9 Oct,5 · Rain & cold fallbacks,"Otzi — South Tyrol Museum of Archaeology, Bolzano",#rain #indoor #bestwetday #d5,46.4991,11.351,Museo Archeologico Alto Adige Bolzano Otzi,"THE best wet-weather destination of the whole trip, ~50 min down the valley from Selva. The 5,300-year-old iceman found in a glacier up the road. Use it for whichever Val Gardena day is a write-off. Bolzano also has the arcaded Portici and the Duomo."
D5,Fri 9 Oct,5 · Rain & cold fallbacks,"Vallunga — flat, low, forested, fine in drizzle",#rain #easyhike #25h #d5,46.559,11.781,Vallunga Selva di Val Gardena,"Val Gardena drizzle option, straight from Selva. Flat gravel track up a glacier-carved valley under the Puez walls, 2.5h return, larches everywhere. Pay-and-display at Parcheggio Vallunga. Also the D8 slow-morning fallback."
D6,Sat 10 Oct,4 · Food & drink,Abbazia di Novacella — monastery + winery,#food #wine #indoor #rainplan #d6,46.735,11.648,Abbazia di Novacella Neustift,"Augustinian monastery with a rotunda library, baroque church AND its own winery doing tastings. Historic, indoors, wine — arguably a better rainy morning than the hike is a sunny one."
D6,Sat 10 Oct,4 · Food & drink,Cantina Tramin — Termeno,#wine #nobooking #closedSun #d6,46.34,11.24,Cantina Tramin Termeno,"One of Italy's best co-ops in a striking modern building. Tastings in the wine shop WITHOUT booking, Sat 09:00-17:00, closed Sunday. An hour south — hard to combine with Val di Funes."
D6,Sat 10 Oct,2 · Main plan — sights & hikes,Adolf Munkel Weg — Zannes/Zans trailhead,#hike #9km #378m #parkingbooking #d6,46.6355,11.707,Zannes Val di Funes,"D6 morning. 9.2 km circuit, +378 m, 3-3.5h, easy-moderate, along the base of the Odle north wall. ZANNES CAR PARK MAY NEED AN ONLINE BOOKING IN 2026 — check before driving up."
D6,Sat 10 Oct,2 · Main plan — sights & hikes,Chiesa di Santa Maddalena — Val di Funes,#sight #photo #walkonly #d6,46.642,11.6997,Santa Maddalena Val di Funes,D6. The most photographed building in South Tyrol. NON-RESIDENT CARS ARE BARRED from the panorama viewpoint May-Nov — park in the village and walk 20-30 min.
D6,Sat 10 Oct,2 · Main plan — sights & hikes,Torggelen — Villandro / Villanders,#food #highlight #booknow #rainproof #d6,46.63,11.54,Villandro Villanders Alto Adige,"D6 afternoon, 15 min from Zannes. Certified farms: Oberpartegger, Winklerhof, Pschnickerhof — linked by walking trails. PHONE AHEAD: season nominally starts early Oct but many farms open mid-month. Indoors = rain-proof."
D6,Sat 10 Oct,6 · Optional & swaps,Geisler Alm / Rifugio delle Odle,#optional #hut #maybeclosed #d6,46.63,11.7,Geisler Alm Rifugio delle Odle Villnoss,"D6. You flagged this as a 'no go' — I'd push back gently. It's directly ON the Adolf Munkel Weg, so you pass its door regardless. The busy/commercial complaint is a high-summer problem. THE REAL RISK IS THAT IT'S SHUT — October season unverified."
D6,Sat 10 Oct,3 · Parking,Zannes / Zans car park — Val di Funes,#parking #maybebooking #check #d6,46.6355,11.707,Parkplatz Zans Villnoss,D6. PRE-BOOKABLE ONLINE IN 2026 — check whether Sat 10 Oct needs a reservation before you drive up.
D7,Sun 11 Oct,2 · Main plan — sights & hikes,Forcella Sassolungo 'coffin' gondola — Passo Sella,#lift #closes11Oct #datecritical #d7,46.5093,11.7595,Forcella Sassolungo cable car Passo Sella,"D7, 09:30. CLOSES 11 OCTOBER — you cross this pass on the 12th, one day too late. Two-person standing cabins that never stop; 5 min up to Rifugio Toni Demetz at 2,681 m. Date is single-sourced — VERIFY EARLY. Wind can hold it even in clear weather."
D7,Sun 11 Oct,2 · Main plan — sights & hikes,Alpe di Siusi / Compatsch,#hike #meadow #easy #45h #d7,46.54,11.62,Compatsch Alpe di Siusi,"D7 afternoon. Up to 14.4 km, +483 m, 4.5h, easy. Europe's largest high meadow. Best in low afternoon light. Open huts: Sassopiatto (to 18 Oct), Alpe di Tires (to 19 Oct), Schgaguler (to 1 Nov)."
D7,Sun 11 Oct,2 · Main plan — sights & hikes,Mont Seuc gondola — Ortisei (use this one on D7),#lift #to2Nov #dontdriveup #d7,46.574,11.676,Ortisei Alpe di Siusi cable car,"D7. Runs to 2 Nov, and it's the side you arrive from after Passo Sella. DON'T DRIVE UP to Compatsch — road closed to non-residents 09:00-17:00 and parking needs an online reservation."
D7,Sun 11 Oct,3 · Parking,Passo Sella — free parking,#parking #free #d7,46.5088,11.7622,Passo Sella parcheggio,"D7 and D8. Free parking at the pass, at the foot of the coffin gondola. 20 min from Selva."
D7,Sun 11 Oct,5 · Rain & cold fallbacks,Terme Merano — the cold/wet Sunday answer,#rain #spa #thermal #romantic #d7,46.6688,11.1607,Terme Merano Therme Meran,"D7 RAIN PLAN, ~1h15 from Selva. Large thermal complex, indoor AND outdoor pools, big sauna world. Being outside in hot water in cold rain is not a consolation prize. Merano has covered arcades and the Kurhaus too."
D8,Mon 12 Oct,1 · Bases & hotels,B&B Hotel Passo Tre Croci — Cortina,#hotel #d8-d12 #1805m #d8,46.573,12.19,B&B Hotel Passo Tre Croci Cortina,"Nights 12-16 Oct, at 1,805 m. The Lago di Sorapis trailhead is at the door. Hard frost most nights. Ask them about trail 215 ice conditions."
D8,Mon 12 Oct,4 · Food & drink,El Brite de Larieto — on the Tre Croci road,#food #booknow #closedWed #d8,46.562,12.172,El Brite de Larieto Cortina,"D8 dinner, effectively on your doorstep. Agriturismo with its own dairy. Open until late October, CLOSED WEDNESDAYS. Book: +39 368 7008083."
D8,Mon 12 Oct,2 · Main plan — sights & hikes,Lago di Carezza / Karersee,#lake #photo #goearly #20min #d8,46.409,11.576,Lago di Carezza Karersee,"D8, ~09:30. Emerald lake reflecting the Latemar. Paid car park on the SS241 with an underpass to the shore; boardwalk loop 20-30 min. GO EARLY — you need still water, and the coaches arrive late morning. No swimming, no going to the water's edge."
D8,Mon 12 Oct,2 · Main plan — sights & hikes,Canazei — Val di Fassa,#town #coffee #lunch #d8,46.477,11.769,Canazei Val di Fassa,"D8, ~11:00. Main town of the Ladin Val di Fassa, at the hub of the four great passes. Coffee and lunch stop. Sass Pordoi cable car almost certainly closed by now."
D8,Mon 12 Oct,6 · Optional & swaps,"Segra Sacun market — Ortisei, 12 Oct only",#optional #fallback #d8 #d8,46.576,11.672,Ortisei Sankt Ulrich centro,"D8 FALLBACK, 08:00-16:00. The biggest traditional market of the year — food stalls, crafts, and a tradition of men giving women a decorated pear. CLASHES with the 08:00 Great Dolomites Road start; you can't have both. Take it if you want a slow morning or it rains."
D8,Mon 12 Oct,3 · Parking,Lago di Carezza car park — SS241,#parking #paid #d8,46.4085,11.5735,Parcheggio Lago di Carezza,"D8. Paid pay-and-display on the SS241, with an underpass to the lake shore."
D8,Mon 12 Oct,7 · Passes & drive stops,"Passo Sella — 2,244 m",#pass #2244m #d7 #d8 #d8,46.5088,11.7622,Passo Sella,"Crossed twice: D7 for the coffin gondola, D8 on the Great Dolomites Road. Sassolungo fills the windscreen the whole way up. 20 min from Selva. Free parking."
D8,Mon 12 Oct,7 · Passes & drive stops,"Passo Pordoi — 2,239 m",#pass #2239m #d8 #d8,46.488,11.813,Passo Pordoi,"D8, ~12:45. Sass Pordoi cable car above it almost certainly closed by mid-October — bonus, not a plan."
D8,Mon 12 Oct,7 · Passes & drive stops,"Passo Falzarego — 2,105 m",#pass #2105m #lagazuoi #d8,46.519,12.009,Passo Falzarego,"D8 and D11. Free parking, and the base of the Lagazuoi cable car — the only lift still running in Cortina. Kept open through winter, so October is never in doubt."
D8,Mon 12 Oct,7 · Passes & drive stops,"Passo Gardena — 2,121 m (short route + sunset)",#pass #2121m #sunset #shortroute #d8,46.547,11.818,Passo Gardena,"The short-route alternative for D8. Also the best zero-effort sunset of the Val Gardena leg — Sassolungo framed by golden larches, 15 min from Selva."
D8,Mon 12 Oct,7 · Passes & drive stops,Passo Campolongo / Arabba — short route,#pass #shortroute #d8,46.497,11.872,Arabba Livinallongo,"On the short pass route (Gardena - Corvara - Campolongo - Arabba - Falzarego, 85 km, 2h45), the fallback if you skip Carezza and Canazei."
D8,Mon 12 Oct,7 · Passes & drive stops,Valley fallback — Val Pusteria via Dobbiaco,#badweather #fallbackroute #2h20 #d8,46.735,12.222,Dobbiaco Toblach,"D8 SNOW FALLBACK. Ponte Gardena - A22 - Val Pusteria - Dobbiaco - SS51. 145 km, ~2h20 — actually FASTER on the clock than the passes, just far less beautiful. Check venetostrade.it and the Bolzano traffic portal that morning."
D8,Mon 12 Oct,5 · Rain & cold fallbacks,Brunico / Bruneck — Messner Mountain Museum Ripa,#rain #indoor #checkhours #d8,46.796,11.937,Messner Mountain Museum Ripa Brunico,"D8 RAIN PLAN, on the valley fallback route. Handsome market town; the castle holds MMM Ripa, on the mountain peoples of the world. CHECK OCTOBER HOURS."
D9,Tue 13 Oct,2 · Main plan — sights & hikes,Lago di Braies / Pragser Wildsee,#lake #before9am #noreservation #d9,46.695,12.085,Lago di Braies Pragser Wildsee,"D9, arrive ~08:00. Sunrise 07:26 — leave the hotel at 07:00. Still water, empty boathouse, coaches still an hour out. Shore loop 3.5 km flat, ~1h. NO RESERVATION NEEDED IN OCTOBER (that system runs 1 Jul-15 Sep). Survives mist well."
D9,Tue 13 Oct,2 · Main plan — sights & hikes,Tre Cime di Lavaredo — Rifugio Auronzo,#hike #EUR40 #prebook #best #d9,46.613,12.296,Rifugio Auronzo Tre Cime di Lavaredo,"D9. BOOK THE SLOT at pass.auronzo.info — EUR40/car, plate required, 12h validity, autumn access ~08:00-18:00. Loop 8.8-10 km, +425 m, 3-4h anticlockwise. ~700 spaces at the rifugio."
D9,Tue 13 Oct,2 · Main plan — sights & hikes,Cadini di Misurina viewpoint,#hike #easy #exposed #dryonly #d9,46.605,12.29,Cadini di Misurina viewpoint,"D9, add-on. 3.9 km, +144 m, 1-1.5h on trail 117 from Rifugio Auronzo. THE FINAL SPUR IS A NARROW, EXPOSED PATH ON A ROCK NOSE — dry conditions only, skip it if there's frost or fresh snow."
D9,Tue 13 Oct,2 · Main plan — sights & hikes,"Rifugio Locatelli — CLOSED, no food or shelter",#closed #warning #d9,46.625,12.308,Rifugio Locatelli Dreizinnenhutte,"D9. CLOSED for the season. It sits at the far side of the Tre Cime loop, so there is no food, water or shelter for the middle two-thirds. Wind at Forcella Lavaredo is brutal in October — carry everything."
D9,Tue 13 Oct,6 · Optional & swaps,Lago di Misurina — 10-minute stop,#optional #photo #ontheway #d9,46.583,12.253,Lago di Misurina,D9. Directly on the Tre Cime road and you pass it twice — take whichever light is better. The Grand Hotel Misurina reflected with the Sorapis group behind. Col de Varda chairlift closed 20 Sep.
D9,Tue 13 Oct,3 · Parking,Tre Cime toll gate — Misurina,#parking #EUR40 #prebook #d9,46.59,12.265,Misurina Tre Cime toll road,"D9. EUR40 per car, PRE-BOOKED ONLINE ONLY at pass.auronzo.info. Plate required, ticket valid 12h. 5 km up to Rifugio Auronzo from here."
D9,Tue 13 Oct,3 · Parking,Lago di Braies — lakehead parking,#parking #paid #noreservationOct #d9,46.696,12.087,Parkplatz Pragser Wildsee,D9. Paid pay-and-display at the lakehead. No reservation needed in October.
D9,Tue 13 Oct,5 · Rain & cold fallbacks,San Candido / Innichen — church + Acquafun pool,#rain #indoor #pool #checkhours #d9,46.733,12.279,San Candido Innichen Acquafun,"D9 RAIN PLAN — bail north instead of east. Beautiful Romanesque collegiate church, and Acquafun indoor pool/wellness centre. CHECK HOURS. Save the EUR40 and book Tre Cime for another day — this is exactly why you don't book it early."
D9,Tue 13 Oct,5 · Rain & cold fallbacks,Dobbiaco / Toblach — Mahler & cultural centre,#rain #indoor #d9,46.735,12.222,Dobbiaco Toblach,"D9 rain option, on the way back from Braies. Gustav Mahler composed here; the Grand Hotel is now a cultural centre."
D10,Wed 14 Oct,4 · Food & drink,"SanBrite — Michelin star, 'agricucina'",#food #michelin #splurge #callfirst #d10,46.55,12.15,SanBrite Cortina d'Ampezzo,"Everything from the family farm, own cheese dairy. Tasting EUR90-120. Sister to El Brite, 10 min from Passo Tre Croci. CALL +39 0436 863882 to confirm October opening."
D10,Wed 14 Oct,4 · Food & drink,Baita Fraina — above Cortina,#food #dinner #d10 #d10,46.548,12.16,Baita Fraina Cortina,"D10 dinner (El Brite is closed Wednesdays). Mountain-lodge regional cooking in small panelled rooms, Michelin Guide listed."
D10,Wed 14 Oct,2 · Main plan — sights & hikes,Lago Federa / Croda da Lago,#hike #larches #hutlunch #rainok #d10,46.5006,12.0787,Lago Federa Rifugio Croda da Lago,"D10. THE most famous larch location in the Dolomites, 2,046 m. Rifugio Croda da Lago / Palmieri is the most reliable hut lunch of the Cortina leg — call +39 0436 862085. Overcast light is GOOD for larches."
D10,Wed 14 Oct,2 · Main plan — sights & hikes,Ponte de Ru Curto — Lago Federa trailhead,#trailhead #freeparking #d10,46.516,12.102,Ponte de Ru Curto Cortina,"D10 start. Free trailhead parking. 8.4 km / +469 m / 3h out-and-back, or the 13.1 km / +700 m / 5h circuit."
D10,Wed 14 Oct,6 · Optional & swaps,"Lago di Sorapis — FLEX day, from the hotel door",#flex #hike #ICERISK #microspikes #d10,46.5726,12.2264,Lago di Sorapis Passo Tre Croci,"FLEX. Trailhead is at Passo Tre Croci. 11.5 km out-and-back, ~500 m, ~4h. TRAIL 215 HAS CABLED EXPOSED LEDGES, METAL LADDERS AND POLISHED ROCK, all north/east-facing and shaded — ICED LADDERS ARE A REAL OCTOBER RISK. Rif. Vandelli closed 20 Sep: no water, shelter or toilet. Mildest driest day only, mid-morning start, CARRY MICROSPIKES, turn back if there's ice. Ask the hotel the night before."
D10,Wed 14 Oct,5 · Rain & cold fallbacks,Cortina museums — Zardini fossils & Rimoldi art,#rain #indoor #checkhours #d10,46.539,12.137,Musei delle Regole Cortina d'Ampezzo,"D10 RAIN PLAN. Museo Paleontologico Rinaldo Zardini (these mountains are a fossilised coral reef — a good thing to learn while looking at them) and the Mario Rimoldi modern art collection, both in the Ciasa de ra Regoles. Small municipal museums — CHECK OCTOBER HOURS."
D11,Thu 15 Oct,4 · Food & drink,Rifugio Ospitale — SS51 north of Cortina,#food #roadaccessible #longseason #d11,46.59,12.14,Rifugio Ospitale Cortina,"11th-century hospice turned restaurant, road-accessible, tends to have a longer season than the mountain huts. A good long-lunch answer on a wet day."
D11,Thu 15 Oct,2 · Main plan — sights & hikes,Lagazuoi cable car — Passo Falzarego,#lift #lastoneopen #to18Oct #d11,46.5192,12.0086,Passo Falzarego Lagazuoi cable car,"D11. THE ONLY LIFT STILL RUNNING in Cortina — to 18 Oct. Free parking at the pass. First up 09:00, every 15 min, LAST DOWN 17:00. Terrace lunch at 2,752 m — call +39 0436 867303."
D11,Thu 15 Oct,2 · Main plan — sights & hikes,Cinque Torri — WWI open-air museum,#hike #wwi #chairliftclosed #carryfood #d11,46.515,12.045,Cinque Torri Cortina,"D11. Restored trenches and tunnels among the five towers. CHAIRLIFT CLOSES 11 OCT and all three huts (Scoiattoli, Nuvolau, Cinque Torri) are shut — walk up from Col Gallina and carry food."
D11,Thu 15 Oct,2 · Main plan — sights & hikes,"Col Gallina — free parking, Cinque Torri trailhead",#trailhead #freeparking #d11,46.523,12.025,Col Gallina Passo Falzarego,"D11. Free parking on the SR48 opposite Ristorante da Strobel. Circuit 9.6 km, +600 m, ~3h45 via Lago di Limedes to Rif. Averau, Nuvolau and Cinque Torri. Nuvolau's final ridge is narrow with a cable."
D11,Thu 15 Oct,6 · Optional & swaps,Monte Mondeval from Passo Giau — full-day option,#optional #hike #5h #d11,46.479,12.054,Passo Giau,"D11 alternative. 12.8 km, ~5h, moderate, open and panoramic, larch-rich. A full-day substitute for the Lagazuoi/Cinque Torri pair."
D11,Thu 15 Oct,6 · Optional & swaps,Val Travenanzes descent from Lagazuoi,#optional #hike #carshuttle #d11,46.53,12.0,Val Travenanzes Cortina,"D11 alternative. Cable car up, walk down a wild hanging valley to Ponte Outo on the SR48 — 4-5h, mostly descent, some cabled steps near the forcella. NEEDS A CAR SHUTTLE."
D11,Thu 15 Oct,7 · Passes & drive stops,"Passo Giau — 2,236 m",#pass #2236m #returnloop #larches #d11,46.479,12.054,Passo Giau,"D11 return leg. Come home over Giau on the SP638 instead of retracing Falzarego — same time, makes the day a loop. Bare amphitheatre under Ra Gusela and Nuvolau; larches rivalling Lago Federa. Rifugio Fedare at the top is OPEN YEAR-ROUND."
D11,Thu 15 Oct,5 · Rain & cold fallbacks,"Forte Tre Sassi — WWI museum, Passo Valparola",#rain #indoor #ontheme #checkhours #d11,46.529,11.993,Forte Tre Sassi Passo Valparola,D11 RAIN PLAN. A restored Austro-Hungarian fort covering exactly the WWI front you'd have been walking at Cinque Torri and Lagazuoi — with a roof. Seasonal: CHECK OCTOBER HOURS.
D12,Fri 16 Oct,1 · Bases & hotels,Venice — stay in Dorsoduro or Cannaregio,#hotel #d12 #tobook #d12,45.431,12.327,Dorsoduro Venezia,"Night 16 Oct. NOT YET BOOKED. Dorsoduro for romance (Zattere at sunset), Cannaregio for easy logistics. Stay on the island, not Mestre."
D12,Fri 16 Oct,4 · Food & drink,All'Arco — San Polo 436,#food #cicchetti #closedSun #go11am #d12,45.4392,12.3345,All'Arco Venezia San Polo,"D13, 11:00. Standing-room counter, no written menu, everything made that morning. EUR1.50-4 each. NO RESERVATIONS, CLOSED SUNDAY, and the shutters come down ~14:00 when the trays are empty."
D12,Fri 16 Oct,4 · Food & drink,Osteria alla Vedova — Cannaregio,#food #cicchetti #thepolpetta #d12,45.4426,12.3339,Osteria alla Vedova Venezia,D12 evening. The legendary deep-fried polpetta. EUR2-5 a cicchetto. Closed Thursday (fine for you). Carry cash.
D12,Fri 16 Oct,4 · Food & drink,Vino Vero — Fondamenta Misericordia,#food #naturalwine #daily #d12,45.445,12.327,Vino Vero Venezia,"D12 evening. Natural wine bar, crostini with stracciatella, anchovy, lardo. Open daily 12:00-24:00."
D12,Fri 16 Oct,4 · Food & drink,Al Timon — Fondamenta dei Ormesini,#food #spritz #canalside #d12,45.4455,12.3245,Al Timon Venezia,D12 evening. Everyone sits on the canal edge and on the moored boat. Daily 11:00-01:00.
D12,Fri 16 Oct,4 · Food & drink,Antiche Carampane — the big dinner,#food #booknow #closedSunMon #d12,45.4383,12.33,Antiche Carampane Venezia,"D12, 20:30. The one with the sign saying no pizza, no lasagne, no tourist menu. Outstanding fried fish. ~EUR70-90pp. BOOK WEEKS AHEAD. Closed Sun-Mon, so Friday works."
D12,Fri 16 Oct,2 · Main plan — sights & hikes,Tronchetto parking — Venice,#parking #EUR29 #maxheight210 #d12,45.443,12.301,Venezia Tronchetto Parking,"D12, arrive ~14:00. EUR29 per 24h, covered, 3,483 spaces. MAX HEIGHT 2.10 m — check your car isn't a tall SUV. Easiest arrival: you never leave the causeway. People Mover to Piazzale Roma ~EUR1.50."
D12,Fri 16 Oct,2 · Main plan — sights & hikes,Rialto market,#market #saturday #morning #d12,45.44,12.335,Mercato di Rialto Venezia,"D13, 09:00. Saturday morning is the good one — fish, produce, noise. All'Arco is a minute away."
D12,Fri 16 Oct,5 · Rain & cold fallbacks,Gallerie dell'Accademia — Venice,#rain #indoor #dorsoduro #d12,45.4314,12.328,Gallerie dell'Accademia Venezia,"D12 rain plan, minutes from a Dorsoduro hotel. Venice is genuinely rain-proof; the October risk is ACQUA ALTA, not rain. Check the city tide forecast the night before and buy rubber overshoes."
D12,Fri 16 Oct,5 · Rain & cold fallbacks,Peggy Guggenheim Collection,#rain #indoor #dorsoduro #d12,45.4308,12.3316,Peggy Guggenheim Collection Venezia,"D12 rain plan. Modern art on the Grand Canal, a few minutes from the Accademia."
D12,Fri 16 Oct,5 · Rain & cold fallbacks,Scuola Grande di San Rocco — Tintoretto,#rain #indoor #underrated #d12,45.4368,12.326,Scuola Grande di San Rocco Venezia,"D12 rain plan. Tintoretto's entire cycle, in the room he painted it for. One of the great interiors in Europe and never crowded."
D13,Sat 17 Oct,1 · Bases & hotels,Lake Garda — south-west shore,#hotel #d13-d14 #tobook #d13,45.493,10.607,Sirmione Lago di Garda,"Nights 17-19 Oct. NOT YET BOOKED. Salo / Desenzano / Sirmione / Padenghe — all ~2h to MXP. Shortlist: Bellerive (Salo), Acquaviva (Desenzano), Villa Arcadio (Salo hills)."
D13,Sat 17 Oct,3 · Parking,Sirmione ZTL — Parcheggio Grifo / Monte Baldo,#parking #ztl #registerplate #d13,45.49,10.606,Parcheggio Monte Baldo Sirmione,"D13-14. The Sirmione peninsula is a 24/7 CAMERA ZTL, year-round. Hotel guests MUST email their plate 24-48h ahead and keep the confirmation. Non-guests park here, outside the gate."
D14,Sun 18 Oct,4 · Food & drink,Valeggio sul Mincio — 'nodo d'amore' tortellini,#food #lunch #ontheme #d14,45.352,10.735,Valeggio sul Mincio,"D14 lunch, 15 min from Peschiera. Home of tortellini di Valeggio, the love-knot, with its own legend about a nymph and a knight. About as on-theme as a honeymoon lunch gets."
D14,Sun 18 Oct,4 · Food & drink,Guerrieri Rizzardi — Bardolino,#wine #openSunday #booknow #d14,45.553,10.72,Guerrieri Rizzardi Bardolino,"D14, 15:00. Aristocratic estate, tastings DAILY 10:00-18:30 — one of the very few open on a Sunday. From ~EUR15 for 90 min. Book: visite@guerrieri-rizzardi.it."
D14,Sun 18 Oct,4 · Food & drink,Cantina Zeni wine museum — Bardolino,#wine #free #nobooking #d14,45.557,10.718,Museo del Vino Zeni Bardolino,"D14. Free museum and enoteca, no booking needed — the one drop-in option on the lake."
D14,Sun 18 Oct,2 · Main plan — sights & hikes,Grotte di Catullo — Sirmione,#sight #roman #rainbreaks #d14,45.505,10.607,Grotte di Catullo Sirmione,"D14, 09:30. Vast Roman villa ruin in an olive grove at the tip of the peninsula, water on three sides. Go early, before the coaches. OPEN RUIN — the one thing on D14 that rain ruins."
D14,Sun 18 Oct,2 · Main plan — sights & hikes,Castello Scaligero — Sirmione,#sight #castle #d14,45.493,10.607,Castello Scaligero Sirmione,"D14. Water-moated Scaliger castle guarding the entrance to the old town. Sirmione at night, once the day-trippers have gone, is the good version."
D14,Sun 18 Oct,5 · Rain & cold fallbacks,Aquaria Thermal SPA — Sirmione,#rain #spa #thermal #d14,45.494,10.608,Aquaria Thermal SPA Sirmione,"D14 RAIN PLAN, and the best one on the trip. Sulphurous thermal spring, indoor and outdoor pools, five minutes from the castle. Everything else on D14 already has a roof: the winery, the olive oil museum, the Valeggio lunch."
D14,Sun 18 Oct,5 · Rain & cold fallbacks,"Verona — Arena, Castelvecchio, Duomo",#rain #indoor #ztl #d14,45.439,10.994,Arena di Verona,"D14 rain option, 30 min from Sirmione. Mind the ZTL: Mon-Fri 10:00-13:30 and 16:00-18:00, Sat-Sun 10:00-13:30. Park at Cittadella."
D14,Sun 18 Oct,5 · Rain & cold fallbacks,Museo dell'Olio d'Oliva — Cisano,#rain #indoor #free #d14,45.53,10.73,Museo dell'Olio di Oliva Cisano Bardolino,"D14. Free museum and shop, open daily. Mid-October is the start of the Garda DOP olive harvest."
D15,Mon 19 Oct,4 · Food & drink,Zenato — Peschiera del Garda,#wine #booknow #MonSat #d15,45.446,10.705,Zenato Peschiera del Garda,"D15, 10:00. Lugana AND Valpolicella/Amarone under one roof — the best single tasting on the lake. Classic tour EUR40 (4 wines + food, 90 min). MON-SAT ONLY, booking essential."
D15,Mon 19 Oct,4 · Food & drink,"Franciacorta — Ca' del Bosco / Bellavista, Erbusco",#wine #onroute #lastlunch #d15,45.572,9.977,Ca del Bosco Erbusco Franciacorta,"D15, ~13:00. Italy's best metodo classico, ~40 min along the A4 towards MXP. Turns dead driving time into the last good thing you do. WHOEVER DRIVES DOESN'T TASTE."
